filename,object_location,image_small,image_thumb
Wilkes_Barre_Times_Leader_the_Evening_News_1937_09_11_9.pdf,/objects/Wilkes_Barre_Times_Leader_the_Evening_News_1937_09_11_9.pdf,/objects/small/wilkes_barre_times_leader_the_evening_news_1937_09_11_9_sm.jpg,/objects/thumbs/wilkes_barre_times_leader_the_evening_news_1937_09_11_9_th.jpg
brainerd_1937_12_20_4.pdf,/objects/brainerd_1937_12_20_4.pdf,/objects/small/brainerd_1937_12_20_4_sm.jpg,/objects/thumbs/brainerd_1937_12_20_4_th.jpg
brooklyncitizen_1937_12_14_10.pdf,/objects/brooklyncitizen_1937_12_14_10.pdf,/objects/small/brooklyncitizen_1937_12_14_10_sm.jpg,/objects/thumbs/brooklyncitizen_1937_12_14_10_th.jpg
brooklyneagle_1938_05_06_1.pdf,/objects/brooklyneagle_1938_05_06_1.pdf,/objects/small/brooklyneagle_1938_05_06_1_sm.jpg,/objects/thumbs/brooklyneagle_1938_05_06_1_th.jpg
brooklyneagle_1938_05_06_Page_3.pdf,/objects/brooklyneagle_1938_05_06_Page_3.pdf,/objects/small/brooklyneagle_1938_05_06_page_3_sm.jpg,/objects/thumbs/brooklyneagle_1938_05_06_page_3_th.jpg
buffalo_1938_07_18_2.pdf,/objects/buffalo_1938_07_18_2.pdf,/objects/small/buffalo_1938_07_18_2_sm.jpg,/objects/thumbs/buffalo_1938_07_18_2_th.jpg
buffalotimes_1937_12_27_4.pdf,/objects/buffalotimes_1937_12_27_4.pdf,/objects/small/buffalotimes_1937_12_27_4_sm.jpg,/objects/thumbs/buffalotimes_1937_12_27_4_th.jpg
bundboysandgirls.jpg,/objects/bundboysandgirls.jpg,/objects/small/bundboysandgirls_sm.jpg,/objects/thumbs/bundboysandgirls_th.jpg
bundchildren.jpg,/objects/bundchildren.jpg,/objects/small/bundchildren_sm.jpg,/objects/thumbs/bundchildren_th.jpg
clintondaily_1937_12_21_4.pdf,/objects/clintondaily_1937_12_21_4.pdf,/objects/small/clintondaily_1937_12_21_4_sm.jpg,/objects/thumbs/clintondaily_1937_12_21_4_th.jpg
communications_princetondaily.pdf,/objects/communications_princetondaily.pdf,/objects/small/communications_princetondaily_sm.jpg,/objects/thumbs/communications_princetondaily_th.jpg
dailyamerican_1937_12_21.pdf,/objects/dailyamerican_1937_12_21.pdf,/objects/small/dailyamerican_1937_12_21_sm.jpg,/objects/thumbs/dailyamerican_1937_12_21_th.jpg
dailyfreeman_1937_12_13_2.pdf,/objects/dailyfreeman_1937_12_13_2.pdf,/objects/small/dailyfreeman_1937_12_13_2_sm.jpg,/objects/thumbs/dailyfreeman_1937_12_13_2_th.jpg
dailyreporter_1937_12_08_2.pdf,/objects/dailyreporter_1937_12_08_2.pdf,/objects/small/dailyreporter_1937_12_08_2_sm.jpg,/objects/thumbs/dailyreporter_1937_12_08_2_th.jpg
dailytribune.pdf,/objects/dailytribune.pdf,/objects/small/dailytribune_sm.jpg,/objects/thumbs/dailytribune_th.jpg
dunkirk_1937_12_15.pdf,/objects/dunkirk_1937_12_15.pdf,/objects/small/dunkirk_1937_12_15_sm.jpg,/objects/thumbs/dunkirk_1937_12_15_th.jpg
dunkirk_1938_07_06.pdf,/objects/dunkirk_1938_07_06.pdf,/objects/small/dunkirk_1938_07_06_sm.jpg,/objects/thumbs/dunkirk_1938_07_06_th.jpg
fbireport.PDF,/objects/fbireport.PDF,/objects/small/fbireport_sm.jpg,/objects/thumbs/fbireport_th.jpg
forvertsaug1931.pdf,/objects/forvertsaug1931.pdf,/objects/small/forvertsaug1931_sm.jpg,/objects/thumbs/forvertsaug1931_th.jpg
forvertsouthburyct.pdf,/objects/forvertsouthburyct.pdf,/objects/small/forvertsouthburyct_sm.jpg,/objects/thumbs/forvertsouthburyct_th.jpg
forvertssouthburyct2.pdf,/objects/forvertssouthburyct2.pdf,/objects/small/forvertssouthburyct2_sm.jpg,/objects/thumbs/forvertssouthburyct2_th.jpg
forvertssouthburyct3.pdf,/objects/forvertssouthburyct3.pdf,/objects/small/forvertssouthburyct3_sm.jpg,/objects/thumbs/forvertssouthburyct3_th.jpg
harrisburg_1937_12_13.pdf,/objects/harrisburg_1937_12_13.pdf,/objects/small/harrisburg_1937_12_13_sm.jpg,/objects/thumbs/harrisburg_1937_12_13_th.jpg
ironwood_1938_05_07_.pdf,/objects/ironwood_1938_05_07_.pdf,/objects/small/ironwood_1938_05_07__sm.jpg,/objects/thumbs/ironwood_1938_05_07__th.jpg
kettletowns_flyer.jpg,/objects/kettletowns_flyer.jpg,/objects/small/kettletowns_flyer_sm.jpg,/objects/thumbs/kettletowns_flyer_th.jpg
lettertolindsay.jpg,/objects/lettertolindsay.jpg,/objects/small/lettertolindsay_sm.jpg,/objects/thumbs/lettertolindsay_th.jpg
lima_1937_12_08_4.pdf,/objects/lima_1937_12_08_4.pdf,/objects/small/lima_1937_12_08_4_sm.jpg,/objects/thumbs/lima_1937_12_08_4_th.jpg
miami_1937_12_15_21.pdf,/objects/miami_1937_12_15_21.pdf,/objects/small/miami_1937_12_15_21_sm.jpg,/objects/thumbs/miami_1937_12_15_21_th.jpg
miami_1937_12_26.pdf,/objects/miami_1937_12_26.pdf,/objects/small/miami_1937_12_26_sm.jpg,/objects/thumbs/miami_1937_12_26_th.jpg
middletown_1937_12_15.pdf,/objects/middletown_1937_12_15.pdf,/objects/small/middletown_1937_12_15_sm.jpg,/objects/thumbs/middletown_1937_12_15_th.jpg
ministers_fight_bund_camps.jpg,/objects/ministers_fight_bund_camps.jpg,/objects/small/ministers_fight_bund_camps_sm.jpg,/objects/thumbs/ministers_fight_bund_camps_th.jpg
minoritycitizen.jpg,/objects/minoritycitizen.jpg,/objects/small/minoritycitizen_sm.jpg,/objects/thumbs/minoritycitizen_th.jpg
muskogee_1937_12_15_7.pdf,/objects/muskogee_1937_12_15_7.pdf,/objects/small/muskogee_1937_12_15_7_sm.jpg,/objects/thumbs/muskogee_1937_12_15_7_th.jpg
nashville_1937_12_14_6.pdf,/objects/nashville_1937_12_14_6.pdf,/objects/small/nashville_1937_12_14_6_sm.jpg,/objects/thumbs/nashville_1937_12_14_6_th.jpg
nazismin_america.pdf,/objects/nazismin_america.pdf,/objects/small/nazismin_america_sm.jpg,/objects/thumbs/nazismin_america_th.jpg
nonpariel_1938_02_14_2.pdf,/objects/nonpariel_1938_02_14_2.pdf,/objects/small/nonpariel_1938_02_14_2_sm.jpg,/objects/thumbs/nonpariel_1938_02_14_2_th.jpg
penninsula_1937_12_23_2.pdf,/objects/penninsula_1937_12_23_2.pdf,/objects/small/penninsula_1937_12_23_2_sm.jpg,/objects/thumbs/penninsula_1937_12_23_2_th.jpg
princeton_1934_10.pdf,/objects/princeton_1934_10.pdf,/objects/small/princeton_1934_10_sm.jpg,/objects/thumbs/princeton_1934_10_th.jpg
princeton_1934_8.pdf,/objects/princeton_1934_8.pdf,/objects/small/princeton_1934_8_sm.jpg,/objects/thumbs/princeton_1934_8_th.jpg
protestors.jpg,/objects/protestors.jpg,/objects/small/protestors_sm.jpg,/objects/thumbs/protestors_th.jpg
saltlake_1937_12_16_5.pdf,/objects/saltlake_1937_12_16_5.pdf,/objects/small/saltlake_1937_12_16_5_sm.jpg,/objects/thumbs/saltlake_1937_12_16_5_th.jpg
southbury_denounce_nazi_camp.jpg,/objects/southbury_denounce_nazi_camp.jpg,/objects/small/southbury_denounce_nazi_camp_sm.jpg,/objects/thumbs/southbury_denounce_nazi_camp_th.jpg
tampa_1938_10_14_10.pdf,/objects/tampa_1938_10_14_10.pdf,/objects/small/tampa_1938_10_14_10_sm.jpg,/objects/thumbs/tampa_1938_10_14_10_th.jpg
thedaysixleadersfromnazicamp.pdf,/objects/thedaysixleadersfromnazicamp.pdf,/objects/small/thedaysixleadersfromnazicamp_sm.jpg,/objects/thumbs/thedaysixleadersfromnazicamp_th.jpg
thedaysouthbury1.pdf,/objects/thedaysouthbury1.pdf,/objects/small/thedaysouthbury1_sm.jpg,/objects/thumbs/thedaysouthbury1_th.jpg
timesherald_1937_12_15.pdf,/objects/timesherald_1937_12_15.pdf,/objects/small/timesherald_1937_12_15_sm.jpg,/objects/thumbs/timesherald_1937_12_15_th.jpg
tulsa_1937_12_09_6.pdf,/objects/tulsa_1937_12_09_6.pdf,/objects/small/tulsa_1937_12_09_6_sm.jpg,/objects/thumbs/tulsa_1937_12_09_6_th.jpg
tulsa_1937_12_10_26.pdf,/objects/tulsa_1937_12_10_26.pdf,/objects/small/tulsa_1937_12_10_26_sm.jpg,/objects/thumbs/tulsa_1937_12_10_26_th.jpg
tulsa_1938_01_03_14.pdf,/objects/tulsa_1938_01_03_14.pdf,/objects/small/tulsa_1938_01_03_14_sm.jpg,/objects/thumbs/tulsa_1938_01_03_14_th.jpg
unioncouncilletter.jpg,/objects/unioncouncilletter.jpg,/objects/small/unioncouncilletter_sm.jpg,/objects/thumbs/unioncouncilletter_th.jpg
wedII_1937_11_24.pdf,/objects/wedII_1937_11_24.pdf,/objects/small/wedii_1937_11_24_sm.jpg,/objects/thumbs/wedii_1937_11_24_th.jpg
wedI_1937_11_24.pdf,/objects/wedI_1937_11_24.pdf,/objects/small/wedi_1937_11_24_sm.jpg,/objects/thumbs/wedi_1937_11_24_th.jpg
wed_1937_11_16.pdf,/objects/wed_1937_11_16.pdf,/objects/small/wed_1937_11_16_sm.jpg,/objects/thumbs/wed_1937_11_16_th.jpg
wed_1937_12_02.pdf,/objects/wed_1937_12_02.pdf,/objects/small/wed_1937_12_02_sm.jpg,/objects/thumbs/wed_1937_12_02_th.jpg
wed_1937_12_02_zoomed.pdf,/objects/wed_1937_12_02_zoomed.pdf,/objects/small/wed_1937_12_02_zoomed_sm.jpg,/objects/thumbs/wed_1937_12_02_zoomed_th.jpg
wed_1937_12_11.pdf,/objects/wed_1937_12_11.pdf,/objects/small/wed_1937_12_11_sm.jpg,/objects/thumbs/wed_1937_12_11_th.jpg
wed_1937_12_15.pdf,/objects/wed_1937_12_15.pdf,/objects/small/wed_1937_12_15_sm.jpg,/objects/thumbs/wed_1937_12_15_th.jpg
wed_1937_12_28.pdf,/objects/wed_1937_12_28.pdf,/objects/small/wed_1937_12_28_sm.jpg,/objects/thumbs/wed_1937_12_28_th.jpg
wed_1937_12_6.pdf,/objects/wed_1937_12_6.pdf,/objects/small/wed_1937_12_6_sm.jpg,/objects/thumbs/wed_1937_12_6_th.jpg
wewoka_1937_12_24_10.pdf,/objects/wewoka_1937_12_24_10.pdf,/objects/small/wewoka_1937_12_24_10_sm.jpg,/objects/thumbs/wewoka_1937_12_24_10_th.jpg
willie_and_macht_associatedpress.jpeg,/objects/willie_and_macht_associatedpress.jpeg,/objects/small/willie_and_macht_associatedpress_sm.jpg,/objects/thumbs/willie_and_macht_associatedpress_th.jpg
